date,open,high,low,close,volume
2025-07-01,37.400001525878906,41.54999923706055,37.400001525878906,41.54999923706055,130600529
2025-07-02,40.25,40.4900016784668,38.5,39.599998474121094,124642131
2025-07-03,40.34000015258789,43.560001373291016,39.15999984741211,43.29999923706055,139437480
2025-07-04,44.810001373291016,44.9900016784668,42.119998931884766,42.599998474121094,104191087
2025-07-07,41.9900016784668,42.38999938964844,40.36000061035156,40.459999084472656,82587171
2025-07-08,40.2599983215332,44.369998931884766,40.16999816894531,43.45000076293945,106477089
2025-07-09,44.439998626708984,47.20000076293945,43.900001525878906,46.41999816894531,124910825
2025-07-10,47.34000015258789,47.5,45.560001373291016,46.5,65237156
2025-07-11,46.310001373291016,46.43000030517578,43.900001525878906,44.41999816894531,71480852
2025-07-14,45.91999816894531,47.79999923706055,45.439998626708984,47.20000076293945,70516360
2025-07-15,47.900001525878906,51.91999816894531,47.75,51.779998779296875,90874446
2025-07-16,51.47999954223633,52.20000076293945,50.279998779296875,50.279998779296875,61517239
2025-07-17,52.599998474121094,55.310001373291016,52.599998474121094,55.310001373291016,70495426
2025-07-18,58.0,58.5,53.29999923706055,54.209999084472656,123636096
2025-07-21,54.59000015258789,55.849998474121094,52.880001068115234,54.970001220703125,100743140
2025-07-22,55.5,58.5,53.790000915527344,54.310001373291016,98595600
2025-07-23,53.130001068115234,54.029998779296875,52.439998626708984,53.59000015258789,66955031
2025-07-24,54.79999923706055,54.880001068115234,51.95000076293945,53.5,78559333
2025-07-25,53.900001525878906,53.93000030517578,52.38999938964844,53.029998779296875,44100858
2025-07-28,54.099998474121094,55.97999954223633,51.29999923706055,54.43000030517578,174849626
2025-07-29,54.70000076293945,57.59000015258789,54.630001068115234,57.380001068115234,98310578
2025-07-30,58.029998779296875,58.79999923706055,55.68000030517578,56.709999084472656,76338765
2025-07-31,60.0099983215332,61.5,58.119998931884766,58.4900016784668,95347704
2025-08-01,57.189998626708984,58.25,54.099998474121094,55.119998931884766,78984443
2025-08-04,53.849998474121094,54.15999984741211,52.43000030517578,53.310001373291016,71716191
2025-08-05,54.099998474121094,54.36000061035156,51.0,52.439998626708984,69492326
2025-08-06,52.18000030517578,54.0,51.470001220703125,51.9900016784668,52702363
2025-08-07,52.27000045776367,54.099998474121094,50.5,52.2400016784668,69455731
2025-08-08,51.29999923706055,53.45000076293945,51.119998931884766,52.29999923706055,43355470
2025-08-11,52.5,57.22999954223633,52.29999923706055,55.63999938964844,88035418
2025-08-12,55.91999816894531,57.7599983215332,55.099998474121094,56.630001068115234,74070186
2025-08-13,55.900001525878906,59.79999923706055,53.90999984741211,59.5,90427965
2025-08-14,58.5,58.5099983215332,53.54999923706055,54.900001525878906,109705247
2025-08-15,54.40999984741211,54.79999923706055,51.779998779296875,52.119998931884766,97006046
2025-08-18,51.709999084472656,54.72999954223633,48.68000030517578,54.650001525878906,135455375
2025-08-19,54.54999923706055,54.56999969482422,51.970001220703125,52.599998474121094,83832213
2025-08-20,50.79999923706055,52.369998931884766,49.599998474121094,52.29999923706055,64195949
2025-08-21,52.2599983215332,52.970001220703125,50.599998474121094,51.459999084472656,53179052
2025-08-22,51.04999923706055,53.810001373291016,51.040000915527344,53.2599983215332,70820407
2025-08-25,53.470001220703125,58.5,52.5,57.15999984741211,113906964
2025-08-26,57.0,60.27000045776367,56.0,56.79999923706055,80368697
2025-08-27,55.5,58.2599983215332,55.130001068115234,55.400001525878906,74296621
2025-08-28,55.11000061035156,60.939998626708984,55.099998474121094,60.939998626708984,110482560
2025-08-29,63.84000015258789,66.88999938964844,63.099998474121094,66.0199966430664,116991292
2025-09-01,68.86000061035156,70.37999725341797,66.0,68.81999969482422,93138739
2025-09-02,70.16999816894531,71.5,62.400001525878906,63.65999984741211,111462099
2025-09-03,64.9800033569336,66.30999755859375,62.130001068115234,64.63999938964844,62492070
2025-09-04,64.16000366210938,66.1500015258789,58.18000030517578,58.18000030517578,80415140
2025-09-05,57.97999954223633,64.0,56.47999954223633,64.0,89848055
2025-09-08,66.98999786376953,68.68000030517578,63.29999923706055,65.61000061035156,112321007
2025-09-09,65.1500015258789,69.19000244140625,63.380001068115234,65.6500015258789,86513855
2025-09-10,66.80000305175781,72.22000122070312,65.37999725341797,72.22000122070312,82775319
2025-09-11,75.55000305175781,79.44000244140625,75.01000213623047,79.44000244140625,88735348
2025-09-12,79.48999786376953,79.48999786376953,75.19999694824219,76.3499984741211,112284479
2025-09-15,76.98999786376953,80.3499984741211,75.30000305175781,77.6500015258789,81070813
2025-09-16,77.9000015258789,82.08999633789062,76.30000305175781,79.70999908447266,93938386
2025-09-17,84.0,86.33000183105469,81.19999694824219,82.61000061035156,93618369
2025-09-18,80.11000061035156,83.4000015258789,77.5,80.11000061035156,95608884
2025-09-19,80.4800033569336,81.0,77.6500015258789,78.30000305175781,62397688
2025-09-22,78.0,80.33000183105469,75.58999633789062,79.9800033569336,68588979
2025-09-23,83.0999984741211,83.9800033569336,74.63999938964844,76.5,83376819
2025-09-24,75.01000213623047,76.0,73.58000183105469,74.8499984741211,71117540
2025-09-25,73.0,75.36000061035156,70.0,74.08999633789062,99106949
2025-09-26,73.0,73.6500015258789,68.55000305175781,68.58000183105469,86262939
2025-09-29,68.58999633789062,73.97000122070312,68.58999633789062,73.38999938964844,68093640
2025-09-30,72.55999755859375,73.6500015258789,70.80000305175781,71.5,52314108
2025-10-09,71.80000305175781,72.80000305175781,69.51000213623047,69.69000244140625,55480969
2025-10-10,69.5,72.19000244140625,68.61000061035156,68.66999816894531,54465776
2025-10-13,63.77000045776367,66.80000305175781,63.650001525878906,65.5999984741211,62308702
2025-10-14,66.80000305175781,67.18000030517578,60.70000076293945,61.0,73709412
2025-10-15,61.0099983215332,62.880001068115234,60.290000915527344,62.5099983215332,47283408
2025-10-16,62.52000045776367,64.30000305175781,61.849998474121094,62.68000030517578,49962184
2025-10-17,63.0,63.0,59.0,59.529998779296875,48894423
2025-10-20,61.4900016784668,65.4800033569336,61.4900016784668,63.20000076293945,92818971
2025-10-21,63.79999923706055,68.80000305175781,62.79999923706055,68.33000183105469,102939534
2025-10-22,66.66000366210938,70.98999786376953,66.31999969482422,68.62999725341797,81508724
2025-10-23,66.70999908447266,67.80000305175781,64.54000091552734,65.75,53408383
2025-10-24,66.36000061035156,69.7699966430664,64.80000305175781,69.1500015258789,82282339
2025-10-27,72.80000305175781,75.30000305175781,72.0,74.47000122070312,93282560
2025-10-28,74.0,75.98999786376953,72.95999908447266,73.9000015258789,61436659
2025-10-29,76.5,78.0,73.5,74.62000274658203,62104481
2025-10-30,73.33000183105469,74.6500015258789,72.0,72.6500015258789,49433820
2025-10-31,71.51000213623047,72.08000183105469,67.94999694824219,68.5,60867645
2025-11-03,67.9000015258789,70.16999816894531,66.5,69.29000091552734,52196625
2025-11-04,70.1500015258789,70.80000305175781,68.38999938964844,69.22000122070312,51474173
2025-11-05,65.88999938964844,69.1500015258789,65.68000030517578,68.5999984741211,39863917
2025-11-06,69.29000091552734,75.45999908447266,69.29000091552734,75.45999908447266,103043420
2025-11-07,74.31999969482422,75.02999877929688,71.51000213623047,73.04000091552734,71476967
2025-11-10,74.30000305175781,75.05999755859375,71.80000305175781,74.02999877929688,69595292
2025-11-11,76.58000183105469,78.31999969482422,73.0,75.9000015258789,91824642
2025-11-12,73.25,76.0,71.58000183105469,75.51000213623047,66635743
2025-11-13,74.0,74.80000305175781,71.0,72.16999816894531,57031963
2025-11-14,70.0,71.33999633789062,68.0,69.11000061035156,50808067
2025-11-17,69.11000061035156,72.37999725341797,69.06999969482422,70.79000091552734,47353213
2025-11-18,70.69999694824219,75.0,70.69999694824219,72.80000305175781,53389778
2025-11-19,72.0199966430664,73.61000061035156,71.04000091552734,71.69000244140625,33019398
2025-11-20,73.6500015258789,74.93000030517578,70.16000366210938,70.5999984741211,39144998
2025-11-21,68.01000213623047,68.3499984741211,63.58000183105469,64.7300033569336,52848531
2025-11-24,65.7699966430664,66.0,61.709999084472656,64.3499984741211,45006003
2025-11-25,65.01000213623047,70.5,65.01000213623047,69.29000091552734,56345834
2025-11-26,68.36000061035156,75.69000244140625,68.08000183105469,74.0,79200469
2025-11-27,74.7300033569336,76.76000213623047,73.18000030517578,73.58000183105469,58655904
2025-11-28,74.01000213623047,77.0,72.36000061035156,75.05999755859375,51004578
2025-12-01,74.8499984741211,77.31999969482422,74.4000015258789,75.55999755859375,48142641
2025-12-02,75.0,76.0,72.76000213623047,73.26000213623047,39094419
2025-12-03,72.54000091552734,75.26000213623047,72.01000213623047,72.61000061035156,41418303
2025-12-04,72.3499984741211,72.75,66.27999877929688,69.30000305175781,70606304
2025-12-05,69.44999694824219,70.9000015258789,67.8499984741211,70.12000274658203,38153672
2025-12-08,70.55000305175781,76.66000366210938,70.27999877929688,75.36000061035156,73053790
2025-12-09,75.0,79.52999877929688,74.0199966430664,77.80000305175781,82160115
2025-12-10,80.2300033569336,83.33000183105469,78.5999984741211,80.56999969482422,97737647
2025-12-11,80.02999877929688,80.94999694824219,78.69999694824219,78.76000213623047,50630674
2025-12-12,78.01000213623047,86.01000213623047,77.91999816894531,84.86000061035156,145632671
2025-12-15,81.0,82.08000183105469,79.08999633789062,80.11000061035156,79473812
2025-12-16,80.0,81.69999694824219,77.80000305175781,78.18000030517578,44239987
2025-12-17,77.55999755859375,82.19999694824219,77.43000030517578,81.41000366210938,46552502
2025-12-18,79.05999755859375,79.91999816894531,76.30000305175781,76.3499984741211,46681203
2025-12-19,77.0,78.36000061035156,75.12000274658203,75.62000274658203,28746014
2025-12-22,76.3499984741211,82.44999694824219,76.3499984741211,81.81999969482422,60612982
2025-12-23,81.66999816894531,82.86000061035156,80.5999984741211,81.30999755859375,32657375
2025-12-24,81.9000015258789,84.83000183105469,80.68000030517578,84.0999984741211,55347831
2025-12-25,86.63999938964844,89.5999984741211,83.62999725341797,85.87999725341797,62294652
2025-12-26,84.77999877929688,86.5999984741211,83.30000305175781,85.48999786376953,43667810
2025-12-29,84.30000305175781,91.04000091552734,84.11000061035156,88.0,57472670
2025-12-30,88.01000213623047,91.01000213623047,86.80999755859375,87.4000015258789,43794360
2025-12-31,88.0,88.41999816894531,84.18000030517578,84.6500015258789,33892160
2026-01-05,84.6500015258789,85.5999984741211,82.80000305175781,84.66000366210938,38921008
2026-01-06,83.19999694824219,83.44000244140625,80.0,81.48999786376953,54651703
2026-01-07,82.0,82.19999694824219,79.33000183105469,80.5999984741211,50460995
2026-01-08,80.30000305175781,83.80000305175781,78.80000305175781,81.11000061035156,47982925
2026-01-09,79.66000366210938,83.0,78.26000213623047,81.45999908447266,40617755
2026-01-12,80.6500015258789,80.87000274658203,75.80000305175781,78.44000244140625,69409693
2026-01-13,78.43000030517578,80.20999908447266,75.95999908447266,76.36000061035156,55610383
2026-01-14,76.69999694824219,77.5,75.0,76.19999694824219,46079837
2026-01-15,75.0,79.66000366210938,75.0,79.37999725341797,49206879
2026-01-16,80.22000122070312,81.9800033569336,79.5199966430664,80.33000183105469,42106188
2026-01-19,78.7699966430664,79.12000274658203,77.0,77.80999755859375,40666612
2026-01-20,77.5,77.73999786376953,73.0,74.0,52980954
2026-01-21,73.0999984741211,75.44999694824219,72.9000015258789,74.5999984741211,30992716
2026-01-22,75.20999908447266,75.94000244140625,73.48999786376953,75.93000030517578,41699117
2026-01-23,75.7300033569336,75.7300033569336,73.0,73.0999984741211,47354516
2026-01-26,73.0,74.38999938964844,72.12999725341797,73.11000061035156,28746148
2026-01-27,72.5,77.0,71.68000030517578,76.54000091552734,62431788
2026-01-28,76.98999786376953,77.86000061035156,74.69999694824219,74.83000183105469,43406944
2026-01-29,75.55999755859375,77.55000305175781,74.91000366210938,75.18000030517578,36197280
2026-01-30,73.5199966430664,78.30999755859375,73.5199966430664,77.36000061035156,44822341
2026-02-02,77.38999938964844,80.44000244140625,77.08999633789062,77.87000274658203,51255855
2026-02-03,78.87000274658203,80.36000061035156,76.91000366210938,77.0199966430664,44119369
2026-02-04,76.19999694824219,76.19999694824219,71.87999725341797,72.94000244140625,52001886
2026-02-05,71.80000305175781,74.36000061035156,67.18000030517578,73.4000015258789,82526693
2026-02-06,70.83999633789062,75.0,69.33000183105469,72.47000122070312,71240723
2026-02-09,74.70999908447266,75.88999938964844,73.55000305175781,74.91000366210938,58088045
2026-02-10,75.02999877929688,78.69999694824219,74.80000305175781,77.02999877929688,50053986
2026-02-11,76.5,77.48999786376953,72.20999908447266,72.33000183105469,63714648
2026-02-12,72.5,77.7699966430664,71.52999877929688,77.37999725341797,77151931
2026-02-13,76.08000183105469,79.4800033569336,75.22000122070312,77.9800033569336,57233177
2026-02-24,80.37999725341797,81.0,78.0,78.91000366210938,53932754
2026-02-25,78.9800033569336,81.5,78.55000305175781,79.5199966430664,49415939
2026-02-26,79.69999694824219,87.47000122070312,79.69999694824219,85.88999938964844,108408917
2026-02-27,84.05000305175781,88.30999755859375,84.0,85.55000305175781,79261034
2026-03-02,84.0,91.91000366210938,84.0,91.02999877929688,88592928
2026-03-03,95.56999969482422,98.69000244140625,92.5999984741211,94.87999725341797,116903280
2026-03-04,91.0,96.5,91.0,95.0,70385414
2026-03-05,97.8499984741211,97.98999786376953,92.0,92.69999694824219,77927623
2026-03-06,90.05999755859375,98.5,87.97000122070312,95.44999694824219,90112547
2026-03-09,90.30000305175781,98.5,87.19000244140625,98.23999786376953,90442577
2026-03-10,102.0,108.05999755859375,101.19999694824219,108.05999755859375,91333198
2026-03-11,109.33000183105469,111.6500015258789,103.70999908447266,104.80000305175781,91369094
2026-03-12,106.08999633789062,109.30000305175781,101.19999694824219,109.30000305175781,79196476
2026-03-13,115.58000183105469,116.87999725341797,110.11000061035156,110.93000030517578,103802558
2026-03-16,112.70999908447266,120.5,111.0,119.0,87264906
2026-03-17,117.0,117.16000366210938,108.88999938964844,109.70999908447266,97244527
2026-03-18,111.93000030517578,113.87999725341797,101.83000183105469,107.37999725341797,137262612
2026-03-19,104.0,114.11000061035156,104.0,111.72000122070312,82716647
2026-03-20,117.05999755859375,119.55000305175781,114.02999877929688,116.05999755859375,92861610
2026-03-23,110.2699966430664,113.9000015258789,104.9000015258789,105.2300033569336,83337920
2026-03-24,108.30000305175781,108.3499984741211,101.73999786376953,107.5199966430664,68350884
2026-03-25,113.9000015258789,115.01000213623047,107.75,108.20999908447266,81218262
2026-03-26,107.29000091552734,109.31999969482422,103.80000305175781,104.30000305175781,65730360
2026-03-27,100.0,103.94999694824219,98.83000183105469,102.6500015258789,63568046
2026-03-30,100.80999755859375,106.80000305175781,100.76000213623047,105.0,51895117
2026-03-31,102.9000015258789,107.0,100.56999969482422,103.30000305175781,56663002
2026-04-01,107.5,109.5,104.5199966430664,109.0,70160661
2026-04-02,107.05000305175781,109.80000305175781,104.80000305175781,106.25,44286916
2026-04-03,108.58999633789062,115.27999877929688,108.0,110.55000305175781,62160881
2026-04-07,110.55999755859375,112.0,106.8499984741211,109.01000213623047,45576200
2026-04-08,119.91000366210938,119.91000366210938,119.9000015258789,119.91000366210938,23223936
2026-04-09,128.0,131.89999389648438,126.11000061035156,131.89999389648438,93658990
2026-04-10,132.3000030517578,145.08999633789062,132.27000427246094,143.5500030517578,144944466
2026-04-13,143.61000061035156,149.67999267578125,143.61000061035156,146.8300018310547,108615935
2026-04-14,147.0,149.00999450683594,143.50999450683594,146.0,87602838
2026-04-15,145.6999969482422,151.0,143.60000610351562,145.8000030517578,81338823
2026-04-16,145.1199951171875,149.5500030517578,144.1199951171875,149.5500030517578,80660883
2026-04-17,155.0,164.4499969482422,152.16000366210938,162.10000610351562,119541880
2026-04-20,162.0800018310547,168.1999969482422,155.6999969482422,157.0,108423360
2026-04-21,157.19000244140625,172.67999267578125,156.00999450683594,169.39999389648438,96468875
2026-04-22,172.05999755859375,186.33999633789062,171.1999969482422,186.33999633789062,83237664
2026-04-23,192.0,194.0,183.97999572753906,186.66000366210938,113144913
2026-04-24,193.5,196.0,179.00999450683594,187.89999389648438,117978750
2026-04-27,188.0,190.5500030517578,178.86000061035156,186.6999969482422,90745110
2026-04-28,187.0,190.1999969482422,181.00999450683594,183.89999389648438,78953271
2026-04-29,180.61000061035156,189.1199951171875,176.8800048828125,184.25,90841084
2026-04-30,189.77999877929688,191.9499969482422,181.8300018310547,186.72999572753906,82041728
2026-05-06,191.8000030517578,199.07000732421875,187.0,191.8800048828125,101992627
2026-05-07,188.42999267578125,211.07000732421875,185.8000030517578,211.07000732421875,86670768
2026-05-08,210.0,213.5800018310547,206.00999450683594,211.38999938964844,89539340
2026-05-11,212.0,222.60000610351562,208.47000122070312,218.3000030517578,89441521
2026-05-12,223.57000732421875,230.0,213.50999450683594,219.4600067138672,91430713
2026-05-13,213.0,225.66000366210938,212.89999389648438,220.75,78704031
2026-05-14,220.74000549316406,226.0,213.35000610351562,214.88999938964844,76237132
2026-05-15,212.86000061035156,215.6300048828125,196.1199951171875,203.35000610351562,101979097
2026-05-18,203.35000610351562,215.60000610351562,199.94000244140625,211.25,78388346
2026-05-19,206.0,224.5,198.0,222.0800018310547,110075934
2026-05-20,220.10000610351562,225.57000732421875,216.0500030517578,223.0,78207863
2026-05-21,223.22999572753906,225.0,204.16000366210938,206.97000122070312,89947819
2026-05-22,210.9199981689453,221.72999572753906,210.9199981689453,220.5500030517578,84361695
2026-05-25,222.91000366210938,228.27999877929688,218.3000030517578,226.24000549316406,83165125
2026-05-26,221.0,225.11000061035156,216.36000061035156,221.1999969482422,67723749
2026-05-27,216.77999877929688,234.0,212.60000610351562,223.3699951171875,86902989
2026-05-28,222.0,223.0,212.39999389648438,219.0,77693522
2026-05-29,222.92999267578125,229.9499969482422,210.6999969482422,213.0500030517578,75648463
2026-06-01,209.22000122070312,212.0,191.75,191.75,135958957
2026-06-02,200.0,210.92999267578125,196.89999389648438,210.92999267578125,108148134
2026-06-03,219.60000610351562,232.02000427246094,219.0,223.99000549316406,117506872
2026-06-04,222.11000061035156,244.6999969482422,222.11000061035156,237.8000030517578,83501904
2026-06-05,232.0800018310547,241.8000030517578,219.0500030517578,221.41000366210938,84474080
2026-06-08,210.0,220.5,209.0,213.0,70598310
2026-06-09,216.82000732421875,225.60000610351562,213.36000061035156,224.39999389648438,71705480
2026-06-10,216.58999633789062,227.97999572753906,210.8300018310547,212.27000427246094,68592398
2026-06-11,215.0,221.67999267578125,205.00999450683594,210.99000549316406,65486452
2026-06-12,220.5,226.8000030517578,214.0,217.5500030517578,79594920
2026-06-15,222.47000122070312,239.30999755859375,215.38999938964844,239.30999755859375,85377124
2026-06-16,244.0,253.10000610351562,235.8800048828125,249.05999755859375,102516711
2026-06-17,255.1199951171875,266.0299987792969,251.0,256.9200134277344,97638338
2026-06-18,256.9200134277344,277.6000061035156,255.14999389648438,273.0,79597628
2026-06-22,273.04998779296875,275.4200134277344,260.0,270.54998779296875,90451149
2026-06-23,265.010009765625,266.989990234375,253.0,255.02000427246094,72102759
2026-06-24,252.13999938964844,260.9700012207031,252.0,257.1300048828125,57984541
2026-06-25,263.0,275.989990234375,258.25,275.79998779296875,79178776
2026-06-26,268.0,271.8800048828125,256.0,260.32000732421875,69077494
2026-06-29,255.0,259.6199951171875,235.11000061035156,249.58999633789062,75616124
2026-06-30,247.5399932861328,268.5,247.5399932861328,262.3500061035156,62579658
2026-07-01,262.3500061035156,263.8800048828125,242.72000122070312,246.30999755859375,65322359
2026-07-02,226.0,229.88999938964844,221.67999267578125,221.67999267578125,84391552
2026-07-03,211.0,242.4499969482422,204.0,232.72999572753906,124201247
2026-07-06,238.0,239.97999572753906,216.0,224.4600067138672,76532025
2026-07-07,224.47999572753906,241.58999633789062,219.10000610351562,236.8699951171875,92814478
2026-07-08,233.0,245.0,226.0399932861328,237.55999755859375,96285472
2026-07-09,242.0,261.32000732421875,236.97999572753906,261.32000732421875,112345743
